Name,Price,URL
Подвесной светильник Layham,29 630,https://www.divan.ru/irkutsk/product/podvesnoj-svetilnik-layham
Подвесной светильник Townshend-4,16 370,https://www.divan.ru/irkutsk/product/podvesnoj-svetilnik-townshend-4
Подвесной светильник Milligan,8180,https://www.divan.ru/irkutsk/product/podvesnoj-svetilnik-milligan
Подвесной светильник Chieveley,22 350,https://www.divan.ru/irkutsk/product/podvesnoj-svetilnik-chieveley
Подвесной светильник Пиллар-3 Black,4800,https://www.divan.ru/irkutsk/product/podvesnoj-svetilnik-pillar-3-black
Подвесной светильник Tureis,5060,https://www.divan.ru/irkutsk/product/podvesnoj-svetilnik-tureis
Бра Aqua-Bolla,3240,https://www.divan.ru/irkutsk/product/bra-aqua-bolla
Подвесной светильник Volare-1,6490,https://www.divan.ru/irkutsk/product/podvesnoj-svetilnik-volare-1
Бра Bolla-Unica,6880,https://www.divan.ru/irkutsk/product/bra-bolla-unica
Светильник потолочный Matthew,7400,https://www.divan.ru/irkutsk/product/svetilnik-potolochnyj-matthew
Бра Galdakao-1,8570,https://www.divan.ru/irkutsk/product/bra-galdakao
Подвесной светильник Moderli Brizzi-2,14 290,https://www.divan.ru/irkutsk/product/podvesnoj-svetilnik-moderli-brizzi-2
Подвесной светильник Moderli Lewes,32 490,https://www.divan.ru/irkutsk/product/podvesnoj-svetilnik-moderli-lewes
Подвесной светильник Moderli Libre,14 290,https://www.divan.ru/irkutsk/product/podvesnoj-svetilnik-moderli-libre
Подвесной светильник Moderli Host-2,28 590,https://www.divan.ru/irkutsk/product/podvesnoj-svetilnik-moderli-host-2
Бра Moderli Birds-2,36 390,https://www.divan.ru/irkutsk/product/bra-moderli-birds-2
Подвесной светильник Moderli Martin-2,38 990,https://www.divan.ru/irkutsk/product/podvesnoj-svetilnik-moderli-martin-2
Подвесной светильник Moderli Arya-2,23 390,https://www.divan.ru/irkutsk/product/podvesnoj-svetilnik-moderli-arya-2
Бра Moderli Alina,6360,https://www.divan.ru/irkutsk/product/bra-moderli-alina
Подвесной светильник Narices,13 900,https://www.divan.ru/irkutsk/product/podvesnoj-svetilnik-narices
Подвесной светильник Moderli Martin-1,11 690,https://www.divan.ru/irkutsk/product/podvesnoj-svetilnik-moderli-martin-1
Подвесной светильник Narices-1,39 380,https://www.divan.ru/irkutsk/product/podvesnoj-svetilnik-narices-1
Подвесной светильник Moderli Host-1,12 990,https://www.divan.ru/irkutsk/product/podvesnoj-svetilnik-moderli-host-1
Подвесной светильник Даклин White,11 300,https://www.divan.ru/irkutsk/product/podvesnoj-svetilnik-daklin-white
Подвесной светильник Эдли Beige,28 330,https://www.divan.ru/irkutsk/product/podvesnoj-svetilnik-edli-beige
Спот Минки-1 White,1810,https://www.divan.ru/irkutsk/product/spot-minki-1-white
Спот Минки Grey,900,https://www.divan.ru/irkutsk/product/spot-minki-grey
Бра Moderli Birds-1,23 390,https://www.divan.ru/irkutsk/product/bra-moderli-birds-1
Подвесной светильник Volare,5970,https://www.divan.ru/irkutsk/product/podvesnoj-svetilnik-volare
Подвесной светильник Milligan-1,24 690,https://www.divan.ru/irkutsk/product/podvesnoj-svetilnik-milligan-1
Подвесной светильник Вьено-5 Black,12 990,https://www.divan.ru/irkutsk/product/podvesnoj-svetilnik-veno-5-black
Подвесной светильник Минки-2 Black,4150,https://www.divan.ru/irkutsk/product/podvesnoj-svetilnik-minki-2-black
Бра Tarbes-1,8700,https://www.divan.ru/irkutsk/product/bra-tarbes-1
Подвесной светильник Маро Green,12 990,https://www.divan.ru/irkutsk/product/podvesnoj-svetilnik-maro-green
Спот Минки-2 Brown,2460,https://www.divan.ru/irkutsk/product/spot-minki-2-brown
Спот Минки-1 Grey,900,https://www.divan.ru/irkutsk/product/spot-minki-1-grey
Светильник потолочный Банджи White,10 910,https://www.divan.ru/irkutsk/product/svetilnik-potolochnyj-bandji-white
Подвесной светильник Кэндел White,4670,https://www.divan.ru/irkutsk/product/podvesnoj-svetilnik-kendel-white
Спот Минки-2 Grey,2330,https://www.divan.ru/irkutsk/product/spot-minki-2-grey
Бра Варио Black,1290,https://www.divan.ru/irkutsk/product/bra-vario-black
Спот Олден White,1290,https://www.divan.ru/irkutsk/product/spot-olden-white
Подвесной светильник Нести Black,15 590,https://www.divan.ru/irkutsk/product/podvesnoj-svetilnik-nesti-black
Подвесной светильник Бабл-3,6490,https://www.divan.ru/irkutsk/product/podvesnoj-svetilnik-babl-3
Подвесной светильник Сансет Black,7790,https://www.divan.ru/irkutsk/product/podvesnoj-svetilnik-sanset-black
Подвесной светильник Минки Grey,3630,https://www.divan.ru/irkutsk/product/podvesnoj-svetilnik-minki-grey
Подвесной светильник Минки-1 Black,3890,https://www.divan.ru/irkutsk/product/podvesnoj-svetilnik-minki-1-black
Подвесной светильник Эллис-3 Black,7270,https://www.divan.ru/irkutsk/product/podvesnoj-svetilnik-ellis-3-black
Подвесной светильник Даклин Red,11 300,https://www.divan.ru/irkutsk/product/podvesnoj-svetilnik-daklin-red
